method,cases,hit_at_1,hit_at_5,mrr_at_5,forbidden_absent_at_5,category_primary_pass
BM25,200,0.775,0.935,0.8466666666666669,0.76,0.575
Dense-only,200,0.385,0.61,0.47100000000000003,0.795,0.3
Date-filter RAG,200,0.775,0.935,0.8475000000000001,0.765,0.6
Metadata Temporal RAG,200,0.69,0.86,0.7678333333333334,0.695,0.48125
ChronoRAG Full,200,0.825,0.895,0.8554166666666668,0.995,0.9625
